rank,system_type,glass1_name,glass1_catalog,glass1_cost,glass2_name,glass2_catalog,glass2_cost,total_cost,phi1,phi2,n1,n2,nu1,nu2,delta_nu,X1,X2,R1_front,R1_back,R2_front,R2_back,R_cemented,P2,W,R2,Pi_len,PE
1,cemented,LITHOSIL-Q,SCHOTT,,N-SF10,SCHOTT,1.6,,0.0172613,-0.00726128,1.45844,1.72828,67.8257,28.5322,39.2936,-1.13838,-1.00022,-383.862,,,100.285,930354,-8.1399e-10,1.90499,930354,0,7.62494e-21
2,cemented,LITHOSIL-Q,SCHOTT,,SF53,SCHOTT,3.03,,0.0173292,-0.00732921,1.45844,1.7283,67.8257,28.6862,39.1395,-1.1382,-0.999956,-382.834,,,99.3719,-4.54924e+06,3.09435e-08,1.93148,-4.54924e+06,0,1.24807e-20
3,cemented,LITHOSIL-Q,SCHOTT,,SF10,SCHOTT,1.9,,0.0172077,-0.00720766,1.45844,1.72825,67.8257,28.4097,39.416,-1.13851,-1.00041,-384.682,,,101.017,487508,-7.28187e-08,1.88414,487508,0,2.42796e-18
